<?xml version="1.0" encoding="UTF-8"?>
<project-private xmlns="http://www.netbeans.org/ns/project-private/1">
    <editor-bookmarks xmlns="http://www.netbeans.org/ns/editor-bookmarks/2" lastBookmarkId="0"/>
    <open-files xmlns="http://www.netbeans.org/ns/projectui-open-files/2">
        <group>
            <file>file:/C:/Users/Marcifiú/Desktop/ELTE/elso_bead/src/elso_bead/Elso_bead.java</file>
            <file>file:/C:/Users/Marcifiú/Desktop/ELTE/elso_bead/src/elso_bead/Puffancs.java</file>
            <file>file:/C:/Users/Marcifiú/Desktop/ELTE/elso_bead/src/elso_bead/Plant.java</file>
            <file>file:/C:/Users/Marcifiú/Desktop/ELTE/elso_bead/src/elso_bead/Radiation.java</file>
            <file>file:/C:/Users/Marcifiú/Desktop/ELTE/elso_bead/src/elso_bead/Deltafa.java</file>
            <file>file:/C:/Users/Marcifiú/Desktop/ELTE/elso_bead/src/elso_bead/Parabokor.java</file>
        </group>
    </open-files>
</project-private>
